{
  "vasp": {
    "coefficients": [
      0.0,
      -1.11725225,
      0.00076929,
      -0.32278848,
      -0.04470219,
      -0.29062728,
      -1.26297013,
      -3.12415058,
      -1.54795922,
      -0.43975705,
      -0.01256739,
      -0.26392743,
      -0.01926703,
      -0.21126704,
      -0.8247995,
      -1.88734631,
      -0.89104898,
      -0.25837143,
      -0.0250008,
      -0.27193615,
      -0.07111476,
      -2.06076796,
      -2.42753196,
      -3.57144559,
      -5.45540047,
      -5.15708214,
      -3.31393675,
      -1.84639284,
      -0.63281248,
      -0.23801745,
      -0.01410476,
      -0.20634998,
      -0.77747796,
      -1.70160351,
      -0.78423151,
      -0.22754126,
      -0.02261049,
      -0.27976057,
      -0.09928519,
      -2.18560872,
      -2.26603086,
      -3.14842282,
      -4.61199158,
      -3.34329762,
      -2.48233722,
      -1.27872811,
      -1.47784242,
      -0.20406896,
      -0.01896393,
      -0.18852014,
      -0.67670064,
      -1.42966694,
      -0.65760834,
      -0.18930803,
      -0.01204913,
      -0.30799105,
      -0.1586014,
      -0.4897286,
      -1.35031403,
      -0.33150945,
      -0.32366041,
      -0.31531661,
      -0.31118453,
      -8.44684689,
      -10.4408371,
      -0.23092279,
      -0.22629504,
      -0.29274758,
      -0.29219174,
      -0.29146517,
      -0.0380611,
      -0.28769104,
      -3.51528971,
      -3.51343142,
      -4.64232388,
      -2.88816624,
      -1.46089612,
      -0.53604235,
      -0.18718202,
      -0.01335491,
      -0.16814225,
      -0.62537875,
      -1.32291753,
      -0.32624604,
      -1.10239294,
      -2.30839543,
      -4.61968511,
      -7.30638139,
      -10.4613411,
      0.0,
      0.0,
      0.0,
      0.0,
      0.0,
      0.0,
      0.0,
      0.0,
      0.0,
      0.0,
      0.0,
      0.0,
      0.0,
      0.0,
      0.0,
      0.0,
      0.0,
      0.0,
      0.0,
      0.0,
      0.0,
      0.0,
      0.0,
      0.0,
      0.0,
      0.0,
      0.0,
      0.0,
      0.0
    ],
    "residual_mean": -152.47090833346033,
    "residual_std": 153.89049784836962,
    "residual_mean_per_atom": -4.734136414817941,
    "residual_std_per_atom": 1.3603868419157275
  },
  "vasp-shifted": {
    "coefficients": [
      0.0,
      -6.0245896588488534,
      -4.9065681188488535,
      -5.230125888848853,
      -4.952039598848853,
      -5.197964688848853,
      -6.170307538848854,
      -8.031487988848854,
      -6.455296628848854,
      -5.347094458848853,
      -4.919904798848854,
      -5.171264838848853,
      -4.9266044388488535,
      -5.118604448848854,
      -5.732136908848854,
      -6.794683718848853,
      -5.798386388848853,
      -5.165708838848854,
      -4.932338208848853,
      -5.179273558848854,
      -4.978452168848854,
      -6.968105368848853,
      -7.334869368848853,
      -8.478782998848853,
      -10.362737878848854,
      -10.064419548848853,
      -8.221274158848853,
      -6.7537302488488535,
      -5.540149888848854,
      -5.145354858848854,
      -4.921442168848854,
      -5.113687388848853,
      -5.684815368848853,
      -6.6089409188488535,
      -5.691568918848853,
      -5.134878668848853,
      -4.929947898848853,
      -5.187097978848853,
      -5.006622598848853,
      -7.092946128848853,
      -7.173368268848853,
      -8.055760228848854,
      -9.519328988848853,
      -8.250635028848853,
      -7.389674628848853,
      -6.186065518848854,
      -6.3851798288488535,
      -5.111406368848853,
      -4.9263013388488535,
      -5.095857548848853,
      -5.5840380488488535,
      -6.337004348848853,
      -5.564945748848854,
      -5.096645438848854,
      -4.919386538848854,
      -5.2153284588488535,
      -5.065938808848854,
      -5.397066008848854,
      -6.257651438848853,
      -5.238846858848854,
      -5.230997818848854,
      -5.2226540188488535,
      -5.218521938848854,
      -13.354184298848853,
      -15.348174508848853,
      -5.138260198848854,
      -5.133632448848854,
      -5.200084988848854,
      -5.199529148848853,
      -5.198802578848854,
      -4.945398508848854,
      -5.195028448848854,
      -8.422627118848853,
      -8.420768828848853,
      -9.549661288848853,
      -7.795503648848854,
      -6.368233528848854,
      -5.443379758848853,
      -5.094519428848853,
      -4.920692318848854,
      -5.075479658848853,
      -5.532716158848854,
      -6.230254938848853,
      -5.2335834488488535,
      -6.009730348848853,
      -7.2157328388488535,
      -9.527022518848852,
      -12.213718798848854,
      -15.368678508848854,
      -4.9073374088488535,
      -4.9073374088488535,
      -4.9073374088488535,
      -4.9073374088488535,
      -4.9073374088488535,
      -4.9073374088488535,
      -4.9073374088488535,
      -4.9073374088488535,
      -4.9073374088488535,
      -4.9073374088488535,
      -4.9073374088488535,
      -4.9073374088488535,
      -4.9073374088488535,
      -4.9073374088488535,
      -4.9073374088488535,
      -4.9073374088488535,
      -4.9073374088488535,
      -4.9073374088488535,
      -4.9073374088488535,
      -4.9073374088488535,
      -4.9073374088488535,
      -4.9073374088488535,
      -4.9073374088488535,
      -4.9073374088488535,
      -4.9073374088488535,
      -4.9073374088488535,
      -4.9073374088488535,
      -4.9073374088488535,
      -4.9073374088488535
    ],
    "residual_mean": 0.7083632520428979,
    "residual_std": 48.61861182844561,
    "residual_mean_per_atom": 0.17320099403091083,
    "residual_std_per_atom": 1.3603868419157275
  },